AuthorId, AuthorFirstName, AuthorLastName
1,John,Doe
2,Alice,Smith
3,Michael,Johnson
4,Sarah,Williams
5,David,Jones
6,Emily,Brown
7,Robert,Davis
8,Lisa,Miller
9,James,Wilson
10,Mary,Moore
11,William,Taylor
12,Karen,Anderson
13,Christopher,Thomas
14,Laura,Jackson
15,Matthew,White
16,Amanda,Harris
17,Joseph,Martin
18,Susan,Thompson
19,Daniel,Garcia
20,Patricia,Martinez
21,Steven,Robinson
22,Barbara,Clark
23,Kevin,Rodriguez
24,Linda,Lewis
25,Edward,Lee
26,Donna,Walker
27,Brian,Hall
28,Kimberly,Young
29,Ronald,Hernandez
30,Carol,King
