PASS_ID,PASS_FNAME,PASS_LNAME,PASS_BIRTHDATE,PASS_PHONE_NUM,PASS_EMAIL
1,John,Doe,1990-05-20,123-456-7890,johndoe@example.com
2,Jane,Smith,1985-08-15,456-789-1234,janesmith@example.com
3,Michael,Johnson,1982-03-10,789-123-4567,michaeljohnson@example.com
4,Amanda,Brown,1995-11-25,234-567-8901,amandabrown@example.com
5,David,Williams,1978-09-30,567-890-1234,davidwilliams@example.com
6,Sarah,Jones,1989-07-05,345-678-9012,sarahjones@example.com
7,Christopher,Davis,1983-01-15,678-901-2345,christopherdavis@example.com
8,Emily,Miller,1992-04-20,456-789-0123,emilymiller@example.com
9,Matthew,Martinez,1976-06-25,890-123-4567,matthewmartinez@example.com
10,Laura,Rodriguez,1987-02-28,567-890-1234,laurarodriguez@example.com
11,James,Garcia,1980-08-10,123-456-7890,jamesgarcia@example.com
12,Amy,Hernandez,1993-10-15,789-012-3456,amyhernandez@example.com
13,Daniel,Young,1981-12-30,234-567-8901,danielyoung@example.com
14,Michelle,Lee,1979-05-05,678-901-2345,michellelee@example.com
15,Jonathan,Taylor,1994-03-20,345-678-9012,jonathantaylor@example.com
16,Alexis,Clark,1986-07-10,901-234-5678,alexisclark@example.com
17,William,Lewis,1973-09-15,567-890-1234,williamlewis@example.com
18,Lauren,King,1984-11-25,678-901-2345,laurenking@example.com
19,Nicholas,Scott,1988-06-30,345-678-9012,nicholasscott@example.com
20,Kelly,Adams,1975-02-05,901-234-5678,kellyadams@example.com
21,Rebecca,Hall,1991-08-20,234-567-8901,rebeccahall@example.com
22,Steven,Thomas,1980-04-15,789-012-3456,steventhomas@example.com
23,Christina,Rivera,1977-10-10,456-789-0123,christinarivera@example.com
24,Justin,Campbell,1995-01-25,890-123-4567,justincampbell@example.com
25,Katherine,Mitchell,1974-03-30,567-890-1234,katherinemitchell@example.com
26,Brandon,Carter,1989-07-05,123-456-7890,brandoncarter@example.com
27,Stephanie,Perez,1982-12-15,678-901-2345,stephanieperez@example.com
28,Patrick,Roberts,1990-09-20,345-678-9012,patrickroberts@example.com
29,Cassandra,Gonzalez,1983-05-10,901-234-5678,cassandragonzalez@example.com
30,Aaron,Evans,1978-11-25,456-789-0123,aaronevans@example.com
